rapidez, referencia, distancia, pid,0,0.33,0,100,
rapidez, referencia, distancia, pid,-0.05,0.33,0,100,
rapidez, referencia, distancia, pid,-0.05,0.33,0,100,
rapidez, referencia, distancia, pid,-0.05,0.33,0,100,
rapidez, referencia, distancia, pid,-0.05,0.33,0,100,
rapidez, referencia, distancia, pid,-0.05,0.33,0,100,
rapidez, referencia, distancia, pid,-0.05,0.33,0,100,
rapidez, referencia, distancia, pid,-0.05,0.33,0,100,
rapidez, referencia, distancia, pid,-0.05,0.33,0,100,
rapidez, referencia, distancia, pid,-0.05,0.33,0,100,
rapidez, referencia, distancia, pid,-0.05,0.33,0,100,
rapidez, referencia, distancia, pid,-0.05,0.33,0,100,
rapidez, referencia, distancia, pid,-0.05,0.33,0,100,
rapidez, referencia, distancia, pid,-0.05,0.33,0,100,
rapidez, referencia, distancia, pid,-0.05,0.33,0,100,
rapidez, referencia, distancia, pid,-0.05,0.33,0,100,
rapidez, referencia, distancia, pid,-0.05,0.33,0,100,
rapidez, referencia, distancia, pid,-0.05,0.33,0,100,
rapidez, referencia, distancia, pid,-0.05,0.33,0,100,
rapidez, referencia, distancia, pid,-0.05,0.33,0,100,
rapidez, referencia, distancia, pid,-0.05,0.33,0,100,
rapidez, referencia, distancia, pid,-0.05,0.33,0,100,
rapidez, referencia, distancia, pid,-0.05,0.33,0,100,
rapidez, referencia, distancia, pid,-0.05,0.33,0,100,
rapidez, referencia, distancia, pid,-0.05,0.33,0,100,
rapidez, referencia, distancia, pid,-0.05,0.33,0,100,
rapidez, referencia, distancia, pid,-0.05,0.33,0,100,
rapidez, referencia, distancia, pid,-0.05,0.33,0,100,
rapidez, referencia, distancia, pid,-0.05,0.33,0,100,
rapidez, referencia, distancia, pid,-0.05,0.33,0,100,
rapidez, referencia, distancia, pid,-0.05,0.33,0,100,
rapidez, referencia, distancia, pid,-0.05,0.33,0,100,
rapidez, referencia, distancia, pid,-0.05,0.33,0,100,
rapidez, referencia, distancia, pid,-0.05,0.33,0,100,
rapidez, referencia, distancia, pid,-0.05,0.33,0,100,
rapidez, referencia, distancia, pid,-0.05,0.33,0,100,
rapidez, referencia, distancia, pid,-0.05,0.33,0,100,
rapidez, referencia, distancia, pid,-0.05,0.33,0,100,
rapidez, referencia, distancia, pid,-0.05,0.33,0,100,
rapidez, referencia, distancia, pid,-0.05,0.33,0,100,
rapidez, referencia, distancia, pid,-0.05,0.33,0,100,
rapidez, referencia, distancia, pid,-0.05,0.33,0,100,
rapidez, referencia, distancia, pid,-0.05,0.33,0,100,
rapidez, referencia, distancia, pid,-0.05,0.33,0,100,
rapidez, referencia, distancia, pid,0.0601599116395,0.33,0.125664,100,
rapidez, referencia, distancia, pid,0.0601599116395,0.33,0.125664,100,
rapidez, referencia, distancia, pid,0.0601599116395,0.33,0.125664,100,
rapidez, referencia, distancia, pid,0.0601599116395,0.33,0.125664,100,
rapidez, referencia, distancia, pid,0.0601599116395,0.33,0.125664,100,
rapidez, referencia, distancia, pid,0.0601599116395,0.33,0.125664,100,
rapidez, referencia, distancia, pid,0.0601599116395,0.33,0.125664,100,
rapidez, referencia, distancia, pid,0.0601599116395,0.33,0.125664,100,
rapidez, referencia, distancia, pid,0.0601599116395,0.33,0.125664,100,
rapidez, referencia, distancia, pid,0.0601599116395,0.33,0.125664,100,
rapidez, referencia, distancia, pid,0.0601599116395,0.33,0.125664,100,
rapidez, referencia, distancia, pid,0.0601599116395,0.33,0.125664,100,
rapidez, referencia, distancia, pid,0.0601599116395,0.33,0.125664,100,
rapidez, referencia, distancia, pid,0.0601599116395,0.33,0.125664,100,
rapidez, referencia, distancia, pid,0.0601599116395,0.33,0.125664,100,
rapidez, referencia, distancia, pid,0.0601599116395,0.33,0.125664,100,
rapidez, referencia, distancia, pid,0.0601599116395,0.33,0.125664,100,
rapidez, referencia, distancia, pid,0.0601599116395,0.33,0.125664,100,
rapidez, referencia, distancia, pid,0.0601599116395,0.33,0.125664,100,
rapidez, referencia, distancia, pid,0.0601599116395,0.33,0.125664,100,
rapidez, referencia, distancia, pid,0.0601599116395,0.33,0.125664,100,
rapidez, referencia, distancia, pid,0.0601599116395,0.33,0.125664,100,
rapidez, referencia, distancia, pid,0.464257984092,0.33,0.251328,100,
rapidez, referencia, distancia, pid,0.464257984092,0.33,0.251328,100,
rapidez, referencia, distancia, pid,0.464257984092,0.33,0.251328,100,
rapidez, referencia, distancia, pid,0.464257984092,0.33,0.251328,100,
rapidez, referencia, distancia, pid,0.464257984092,0.33,0.251328,100,
rapidez, referencia, distancia, pid,0.464257984092,0.33,0.251328,100,
rapidez, referencia, distancia, pid,0.464257984092,0.33,0.251328,100,
rapidez, referencia, distancia, pid,0.464257984092,0.33,0.251328,100,
rapidez, referencia, distancia, pid,0.464257984092,0.33,0.251328,100,
rapidez, referencia, distancia, pid,0.464257984092,0.33,0.251328,100,
rapidez, referencia, distancia, pid,0.464257984092,0.33,0.251328,100,
rapidez, referencia, distancia, pid,0.464257984092,0.33,0.251328,100,
rapidez, referencia, distancia, pid,0.464257984092,0.33,0.251328,100,
rapidez, referencia, distancia, pid,0.464257984092,0.33,0.251328,100,
rapidez, referencia, distancia, pid,0.464257984092,0.33,0.251328,100,
rapidez, referencia, distancia, pid,0.464257984092,0.33,0.251328,100,
rapidez, referencia, distancia, pid,0.464257984092,0.33,0.251328,100,
rapidez, referencia, distancia, pid,0.464257984092,0.33,0.251328,100,
rapidez, referencia, distancia, pid,0.464257984092,0.33,0.251328,100,
rapidez, referencia, distancia, pid,0.537293960874,0.33,0.376992,100,
rapidez, referencia, distancia, pid,0.537293960874,0.33,0.376992,100,
rapidez, referencia, distancia, pid,0.537293960874,0.33,0.376992,100,
rapidez, referencia, distancia, pid,0.537293960874,0.33,0.376992,100,
rapidez, referencia, distancia, pid,0.537293960874,0.33,0.376992,100,
rapidez, referencia, distancia, pid,0.537293960874,0.33,0.376992,100,
rapidez, referencia, distancia, pid,0.537293960874,0.33,0.376992,100,
rapidez, referencia, distancia, pid,0.537293960874,0.33,0.376992,100,
rapidez, referencia, distancia, pid,0.537293960874,0.33,0.376992,100,
rapidez, referencia, distancia, pid,0.537293960874,0.33,0.376992,100,
rapidez, referencia, distancia, pid,0.537293960874,0.33,0.376992,100,
rapidez, referencia, distancia, pid,0.537293960874,0.33,0.376992,100,
rapidez, referencia, distancia, pid,0.537293960874,0.33,0.376992,100,
rapidez, referencia, distancia, pid,0.537293960874,0.33,0.376992,100,
rapidez, referencia, distancia, pid,0.537293960874,0.33,0.376992,100,
rapidez, referencia, distancia, pid,0.682037363037,0.33,0.502656,100,
rapidez, referencia, distancia, pid,0.682037363037,0.33,0.502656,100,
rapidez, referencia, distancia, pid,0.682037363037,0.33,0.502656,100,
rapidez, referencia, distancia, pid,0.682037363037,0.33,0.502656,100,
rapidez, referencia, distancia, pid,0.682037363037,0.33,0.502656,100,
rapidez, referencia, distancia, pid,0.682037363037,0.33,0.502656,100,
rapidez, referencia, distancia, pid,0.682037363037,0.33,0.502656,100,
rapidez, referencia, distancia, pid,0.682037363037,0.33,0.502656,100,
rapidez, referencia, distancia, pid,0.682037363037,0.33,0.502656,100,
rapidez, referencia, distancia, pid,0.682037363037,0.33,0.502656,100,
rapidez, referencia, distancia, pid,0.682037363037,0.33,0.502656,73.6487659686,
rapidez, referencia, distancia, pid,0.682037363037,0.33,0.502656,45.6921080462,
rapidez, referencia, distancia, pid,0.682037363037,0.33,0.502656,17.7354501237,
rapidez, referencia, distancia, pid,0.632037363037,0.33,0.502656,-10.2212077987,
rapidez, referencia, distancia, pid,0.632037363037,0.33,0.502656,100,
rapidez, referencia, distancia, pid,0.633949041639,0.33,0.62832,-67.5536803751,
rapidez, referencia, distancia, pid,0.633949041639,0.33,0.62832,45.3095425729,
rapidez, referencia, distancia, pid,0.633949041639,0.33,0.62832,21.171765521,
rapidez, referencia, distancia, pid,0.583949041639,0.33,0.62832,-2.96601153092,
rapidez, referencia, distancia, pid,0.583949041639,0.33,0.62832,100,
rapidez, referencia, distancia, pid,0.583949041639,0.33,0.62832,93.7008237908,
rapidez, referencia, distancia, pid,0.583949041639,0.33,0.62832,73.5337414517,
rapidez, referencia, distancia, pid,0.583949041639,0.33,0.62832,53.3666591126,
rapidez, referencia, distancia, pid,0.583949041639,0.33,0.62832,33.1995767735,
rapidez, referencia, distancia, pid,0.583949041639,0.33,0.62832,13.0324944343,
rapidez, referencia, distancia, pid,0.533949041639,0.33,0.62832,-7.13458790478,
rapidez, referencia, distancia, pid,0.533949041639,0.33,0.62832,100,
rapidez, referencia, distancia, pid,0.533949041639,0.33,0.62832,97.4736368426,
rapidez, referencia, distancia, pid,0.533949041639,0.33,0.62832,81.2772492163,
rapidez, referencia, distancia, pid,0.682043824678,0.33,0.753984,-10,
rapidez, referencia, distancia, pid,0.632043824678,0.33,0.753984,-10,
rapidez, referencia, distancia, pid,0.582043824678,0.33,0.753984,-10,
rapidez, referencia, distancia, pid,0.532043824678,0.33,0.753984,-10,
rapidez, referencia, distancia, pid,0.482043824678,0.33,0.753984,-33.4347999768,
rapidez, referencia, distancia, pid,0.482043824678,0.33,0.753984,91.491807808,
rapidez, referencia, distancia, pid,0.482043824678,0.33,0.753984,79.4174155927,
rapidez, referencia, distancia, pid,0.482043824678,0.33,0.753984,67.3430233774,
rapidez, referencia, distancia, pid,0.482043824678,0.33,0.753984,55.2686311621,
rapidez, referencia, distancia, pid,0.482043824678,0.33,0.753984,43.1942389468,
rapidez, referencia, distancia, pid,0.482043824678,0.33,0.753984,31.1198467315,
rapidez, referencia, distancia, pid,0.482043824678,0.33,0.753984,19.0454545162,
rapidez, referencia, distancia, pid,0.482043824678,0.33,0.753984,6.9710623009,
rapidez, referencia, distancia, pid,0.432043824678,0.33,0.753984,-5.10332991439,
rapidez, referencia, distancia, pid,0.432043824678,0.33,0.753984,100,
rapidez, referencia, distancia, pid,0.432043824678,0.33,0.753984,100,
rapidez, referencia, distancia, pid,0.58253569414,0.33,0.879648,-10,
rapidez, referencia, distancia, pid,0.53253569414,0.33,0.879648,-10,
rapidez, referencia, distancia, pid,0.48253569414,0.33,0.879648,-10,
rapidez, referencia, distancia, pid,0.43253569414,0.33,0.879648,-94.9364392975,
rapidez, referencia, distancia, pid,0.43253569414,0.33,0.879648,33.9218019306,
rapidez, referencia, distancia, pid,0.43253569414,0.33,0.879648,25.7790431587,
rapidez, referencia, distancia, pid,0.43253569414,0.33,0.879648,17.6362843868,
rapidez, referencia, distancia, pid,0.43253569414,0.33,0.879648,9.49352561491,
rapidez, referencia, distancia, pid,0.43253569414,0.33,0.879648,1.350766843,
rapidez, referencia, distancia, pid,0.38253569414,0.33,0.879648,-6.7919919289,
rapidez, referencia, distancia, pid,0.38253569414,0.33,0.879648,100,
rapidez, referencia, distancia, pid,0.38253569414,0.33,0.879648,100,
rapidez, referencia, distancia, pid,0.38253569414,0.33,0.879648,100,
rapidez, referencia, distancia, pid,0.38253569414,0.33,0.879648,100,
rapidez, referencia, distancia, pid,0.38253569414,0.33,0.879648,100,
rapidez, referencia, distancia, pid,0.627978922351,0.33,1.005312,-10,
rapidez, referencia, distancia, pid,0.577978922351,0.33,1.005312,-10,
rapidez, referencia, distancia, pid,0.527978922351,0.33,1.005312,-10,
rapidez, referencia, distancia, pid,0.477978922351,0.33,1.005312,-10,
rapidez, referencia, distancia, pid,0.427978922351,0.33,1.005312,-10,
rapidez, referencia, distancia, pid,0.377978922351,0.33,1.005312,-10,
rapidez, referencia, distancia, pid,0.377978922351,0.33,1.005312,11.7783931823,
rapidez, referencia, distancia, pid,0.377978922351,0.33,1.005312,7.96820011619,
rapidez, referencia, distancia, pid,0.377978922351,0.33,1.005312,4.15800705011,
rapidez, referencia, distancia, pid,0.377978922351,0.33,1.005312,0.347813984038,
rapidez, referencia, distancia, pid,0.327978922351,0.33,1.005312,-3.46237908204,
rapidez, referencia, distancia, pid,0.327978922351,0.33,1.005312,100,
rapidez, referencia, distancia, pid,0.327978922351,0.33,1.005312,100,
rapidez, referencia, distancia, pid,0.327978922351,0.33,1.005312,100,
rapidez, referencia, distancia, pid,0.327978922351,0.33,1.005312,100,
rapidez, referencia, distancia, pid,0.327978922351,0.33,1.005312,100,
rapidez, referencia, distancia, pid,0.327978922351,0.33,1.005312,100,
rapidez, referencia, distancia, pid,0.327978922351,0.33,1.005312,100,
rapidez, referencia, distancia, pid,0.327978922351,0.33,1.005312,100,
rapidez, referencia, distancia, pid,0.327978922351,0.33,1.005312,100,
rapidez, referencia, distancia, pid,0.460899968455,0.33,1.130976,-10,
rapidez, referencia, distancia, pid,0.410899968455,0.33,1.130976,-10,
rapidez, referencia, distancia, pid,0.360899968455,0.33,1.130976,-10,
rapidez, referencia, distancia, pid,0.360899968455,0.33,1.130976,11.1390954065,
rapidez, referencia, distancia, pid,0.360899968455,0.33,1.130976,8.68520857909,
rapidez, referencia, distancia, pid,0.360899968455,0.33,1.130976,6.23132175172,
rapidez, referencia, distancia, pid,0.360899968455,0.33,1.130976,3.77743492435,
rapidez, referencia, distancia, pid,0.360899968455,0.33,1.130976,1.32354809698,
rapidez, referencia, distancia, pid,0.310899968455,0.33,1.130976,-1.13033873039,
rapidez, referencia, distancia, pid,0.310899968455,0.33,1.130976,100,
rapidez, referencia, distancia, pid,0.310899968455,0.33,1.130976,100,
rapidez, referencia, distancia, pid,0.310899968455,0.33,1.130976,100,
rapidez, referencia, distancia, pid,0.310899968455,0.33,1.130976,100,
rapidez, referencia, distancia, pid,0.310899968455,0.33,1.130976,100,
rapidez, referencia, distancia, pid,0.310899968455,0.33,1.130976,100,
rapidez, referencia, distancia, pid,0.310899968455,0.33,1.130976,100,
rapidez, referencia, distancia, pid,0.310899968455,0.33,1.130976,100,
rapidez, referencia, distancia, pid,0.558433331359,0.33,1.25664,-10,
rapidez, referencia, distancia, pid,0.508433331359,0.33,1.25664,-10,
rapidez, referencia, distancia, pid,0.458433331359,0.33,1.25664,-10,
rapidez, referencia, distancia, pid,0.408433331359,0.33,1.25664,-10,
rapidez, referencia, distancia, pid,0.358433331359,0.33,1.25664,-10,
rapidez, referencia, distancia, pid,0.308433331359,0.33,1.25664,-55.3456707824,
rapidez, referencia, distancia, pid,0.308433331359,0.33,1.25664,83.3680223606,
rapidez, referencia, distancia, pid,0.308433331359,0.33,1.25664,85.0807155035,
rapidez, referencia, distancia, pid,0.308433331359,0.33,1.25664,86.7934086465,
rapidez, referencia, distancia, pid,0.308433331359,0.33,1.25664,88.5061017894,
rapidez, referencia, distancia, pid,0.308433331359,0.33,1.25664,90.2187949323,
rapidez, referencia, distancia, pid,0.308433331359,0.33,1.25664,91.9314880753,
rapidez, referencia, distancia, pid,0.308433331359,0.33,1.25664,93.6441812182,
rapidez, referencia, distancia, pid,0.308433331359,0.33,1.25664,95.3568743612,
rapidez, referencia, distancia, pid,0.308433331359,0.33,1.25664,97.0695675041,
rapidez, referencia, distancia, pid,0.308433331359,0.33,1.25664,98.7822606471,
rapidez, referencia, distancia, pid,0.308433331359,0.33,1.25664,100,
rapidez, referencia, distancia, pid,0.308433331359,0.33,1.25664,100,
rapidez, referencia, distancia, pid,0.308433331359,0.33,1.25664,100,
rapidez, referencia, distancia, pid,0.308433331359,0.33,1.25664,100,
rapidez, referencia, distancia, pid,0.473556290254,0.33,1.382304,-10,
rapidez, referencia, distancia, pid,0.423556290254,0.33,1.382304,-10,
rapidez, referencia, distancia, pid,0.373556290254,0.33,1.382304,-10,
rapidez, referencia, distancia, pid,0.323556290254,0.33,1.382304,-10,
rapidez, referencia, distancia, pid,0.323556290254,0.33,1.382304,27.047476679,
rapidez, referencia, distancia, pid,0.323556290254,0.33,1.382304,27.5591967634,
rapidez, referencia, distancia, pid,0.323556290254,0.33,1.382304,28.0709168477,
rapidez, referencia, distancia, pid,0.323556290254,0.33,1.382304,28.5826369321,
rapidez, referencia, distancia, pid,0.323556290254,0.33,1.382304,29.0943570164,
rapidez, referencia, distancia, pid,0.323556290254,0.33,1.382304,29.6060771008,
rapidez, referencia, distancia, pid,0.323556290254,0.33,1.382304,30.1177971852,
rapidez, referencia, distancia, pid,0.323556290254,0.33,1.382304,30.6295172695,
rapidez, referencia, distancia, pid,0.323556290254,0.33,1.382304,31.1412373539,
rapidez, referencia, distancia, pid,0.323556290254,0.33,1.382304,31.6529574382,
rapidez, referencia, distancia, pid,0.323556290254,0.33,1.382304,32.1646775226,
rapidez, referencia, distancia, pid,0.323556290254,0.33,1.382304,32.6763976069,
rapidez, referencia, distancia, pid,0.323556290254,0.33,1.382304,33.1881176913,
rapidez, referencia, distancia, pid,0.323556290254,0.33,1.382304,33.6998377757,
rapidez, referencia, distancia, pid,0.520750869658,0.33,1.507968,-10,
rapidez, referencia, distancia, pid,0.470750869658,0.33,1.507968,-10,
rapidez, referencia, distancia, pid,0.420750869658,0.33,1.507968,-10,
rapidez, referencia, distancia, pid,0.370750869658,0.33,1.507968,-10,
rapidez, referencia, distancia, pid,0.320750869658,0.33,1.507968,-10,
rapidez, referencia, distancia, pid,0.270750869658,0.33,1.507968,-13.7666176214,
rapidez, referencia, distancia, pid,0.270750869658,0.33,1.507968,100,
rapidez, referencia, distancia, pid,0.270750869658,0.33,1.507968,100,
rapidez, referencia, distancia, pid,0.270750869658,0.33,1.507968,100,
rapidez, referencia, distancia, pid,0.270750869658,0.33,1.507968,100,
rapidez, referencia, distancia, pid,0.270750869658,0.33,1.507968,100,
rapidez, referencia, distancia, pid,0.270750869658,0.33,1.507968,100,
rapidez, referencia, distancia, pid,0.270750869658,0.33,1.507968,100,
rapidez, referencia, distancia, pid,0.270750869658,0.33,1.507968,100,
rapidez, referencia, distancia, pid,0.270750869658,0.33,1.507968,100,
rapidez, referencia, distancia, pid,0.270750869658,0.33,1.507968,100,
rapidez, referencia, distancia, pid,0.270750869658,0.33,1.507968,100,
rapidez, referencia, distancia, pid,0.270750869658,0.33,1.507968,100,
rapidez, referencia, distancia, pid,0.270750869658,0.33,1.507968,100,
rapidez, referencia, distancia, pid,0.475194920819,0.33,1.633632,-10,
rapidez, referencia, distancia, pid,0.425194920819,0.33,1.633632,-10,
rapidez, referencia, distancia, pid,0.375194920819,0.33,1.633632,-10,
rapidez, referencia, distancia, pid,0.325194920819,0.33,1.633632,-10,
rapidez, referencia, distancia, pid,0.275194920819,0.33,1.633632,-2.57474932898,
rapidez, referencia, distancia, pid,0.275194920819,0.33,1.633632,100,
rapidez, referencia, distancia, pid,0.275194920819,0.33,1.633632,100,
rapidez, referencia, distancia, pid,0.275194920819,0.33,1.633632,100,
rapidez, referencia, distancia, pid,0.275194920819,0.33,1.633632,100,
rapidez, referencia, distancia, pid,0.275194920819,0.33,1.633632,100,
rapidez, referencia, distancia, pid,0.275194920819,0.33,1.633632,100,
rapidez, referencia, distancia, pid,0.275194920819,0.33,1.633632,100,
rapidez, referencia, distancia, pid,0.275194920819,0.33,1.633632,100,
rapidez, referencia, distancia, pid,0.275194920819,0.33,1.633632,100,
rapidez, referencia, distancia, pid,0.275194920819,0.33,1.633632,100,
rapidez, referencia, distancia, pid,0.275194920819,0.33,1.633632,100,
rapidez, referencia, distancia, pid,0.275194920819,0.33,1.633632,100,
rapidez, referencia, distancia, pid,0.275194920819,0.33,1.633632,100,
rapidez, referencia, distancia, pid,0.518170494214,0.33,1.759296,-10,
rapidez, referencia, distancia, pid,0.468170494214,0.33,1.759296,-10,
rapidez, referencia, distancia, pid,0.418170494214,0.33,1.759296,-10,
rapidez, referencia, distancia, pid,0.368170494214,0.33,1.759296,-10,
rapidez, referencia, distancia, pid,0.318170494214,0.33,1.759296,-10,
rapidez, referencia, distancia, pid,0.318170494214,0.33,1.759296,19.3281640111,
rapidez, referencia, distancia, pid,0.318170494214,0.33,1.759296,20.2675911327,
rapidez, referencia, distancia, pid,0.318170494214,0.33,1.759296,21.2070182543,
rapidez, referencia, distancia, pid,0.318170494214,0.33,1.759296,22.1464453759,
rapidez, referencia, distancia, pid,0.318170494214,0.33,1.759296,23.0858724975,
rapidez, referencia, distancia, pid,0.318170494214,0.33,1.759296,24.0252996191,
rapidez, referencia, distancia, pid,0.318170494214,0.33,1.759296,24.9647267407,
rapidez, referencia, distancia, pid,0.318170494214,0.33,1.759296,25.9041538623,
rapidez, referencia, distancia, pid,0.318170494214,0.33,1.759296,26.8435809839,
rapidez, referencia, distancia, pid,0.318170494214,0.33,1.759296,27.7830081055,
rapidez, referencia, distancia, pid,0.318170494214,0.33,1.759296,28.7224352271,
rapidez, referencia, distancia, pid,0.318170494214,0.33,1.759296,29.6618623487,
rapidez, referencia, distancia, pid,0.318170494214,0.33,1.759296,30.6012894703,
rapidez, referencia, distancia, pid,0.318170494214,0.33,1.759296,31.5407165919,
rapidez, referencia, distancia, pid,0.488438925126,0.33,1.88496,-10,
rapidez, referencia, distancia, pid,0.438438925126,0.33,1.88496,-10,
rapidez, referencia, distancia, pid,0.388438925126,0.33,1.88496,-10,
rapidez, referencia, distancia, pid,0.338438925126,0.33,1.88496,-10,
rapidez, referencia, distancia, pid,0.288438925126,0.33,1.88496,-67.0529761433,
rapidez, referencia, distancia, pid,0.288438925126,0.33,1.88496,73.2485506619,
rapidez, referencia, distancia, pid,0.288438925126,0.33,1.88496,76.5490774671,
rapidez, referencia, distancia, pid,0.288438925126,0.33,1.88496,79.8496042723,
rapidez, referencia, distancia, pid,0.288438925126,0.33,1.88496,83.1501310774,
rapidez, referencia, distancia, pid,0.288438925126,0.33,1.88496,86.4506578826,
rapidez, referencia, distancia, pid,0.288438925126,0.33,1.88496,89.7511846878,
rapidez, referencia, distancia, pid,0.288438925126,0.33,1.88496,93.051711493,
rapidez, referencia, distancia, pid,0.288438925126,0.33,1.88496,96.3522382981,
rapidez, referencia, distancia, pid,0.288438925126,0.33,1.88496,99.6527651033,
rapidez, referencia, distancia, pid,0.288438925126,0.33,1.88496,100,
rapidez, referencia, distancia, pid,0.288438925126,0.33,1.88496,100,
rapidez, referencia, distancia, pid,0.288438925126,0.33,1.88496,100,
rapidez, referencia, distancia, pid,0.288438925126,0.33,1.88496,100,
rapidez, referencia, distancia, pid,0.288438925126,0.33,1.88496,100,
rapidez, referencia, distancia, pid,0.288438925126,0.33,1.88496,100,
rapidez, referencia, distancia, pid,0.465874920947,0.33,2.010624,-10,
rapidez, referencia, distancia, pid,0.415874920947,0.33,2.010624,-10,
rapidez, referencia, distancia, pid,0.365874920947,0.33,2.010624,-10,
rapidez, referencia, distancia, pid,0.315874920947,0.33,2.010624,-10,
rapidez, referencia, distancia, pid,0.315874920947,0.33,2.010624,10.1824392096,
rapidez, referencia, distancia, pid,0.315874920947,0.33,2.010624,11.3041667438,
rapidez, referencia, distancia, pid,0.315874920947,0.33,2.010624,12.4258942781,
rapidez, referencia, distancia, pid,0.315874920947,0.33,2.010624,13.5476218124,
rapidez, referencia, distancia, pid,0.315874920947,0.33,2.010624,14.6693493467,
rapidez, referencia, distancia, pid,0.315874920947,0.33,2.010624,15.7910768809,
rapidez, referencia, distancia, pid,0.315874920947,0.33,2.010624,16.9128044152,
rapidez, referencia, distancia, pid,0.315874920947,0.33,2.010624,18.0345319495,
rapidez, referencia, distancia, pid,0.315874920947,0.33,2.010624,19.1562594838,
rapidez, referencia, distancia, pid,0.315874920947,0.33,2.010624,20.277987018,
rapidez, referencia, distancia, pid,0.315874920947,0.33,2.010624,21.3997145523,
rapidez, referencia, distancia, pid,0.315874920947,0.33,2.010624,22.5214420866,
rapidez, referencia, distancia, pid,0.315874920947,0.33,2.010624,23.6431696209,
rapidez, referencia, distancia, pid,0.315874920947,0.33,2.010624,24.7648971551,
rapidez, referencia, distancia, pid,0.315874920947,0.33,2.010624,25.8866246894,
rapidez, referencia, distancia, pid,0.315874920947,0.33,2.010624,27.0083522237,
rapidez, referencia, distancia, pid,0.315874920947,0.33,2.010624,28.1300797579,
rapidez, referencia, distancia, pid,0.315874920947,0.33,2.010624,29.2518072922,
rapidez, referencia, distancia, pid,0.422858385395,0.33,2.136288,-10,
rapidez, referencia, distancia, pid,0.372858385395,0.33,2.136288,-10,
rapidez, referencia, distancia, pid,0.322858385395,0.33,2.136288,-10,
rapidez, referencia, distancia, pid,0.272858385395,0.33,2.136288,-11.438619534,
rapidez, referencia, distancia, pid,0.272858385395,0.33,2.136288,100,
rapidez, referencia, distancia, pid,0.272858385395,0.33,2.136288,100,
rapidez, referencia, distancia, pid,0.272858385395,0.33,2.136288,100,
rapidez, referencia, distancia, pid,0.272858385395,0.33,2.136288,100,
rapidez, referencia, distancia, pid,0.272858385395,0.33,2.136288,100,
rapidez, referencia, distancia, pid,0.272858385395,0.33,2.136288,100,
rapidez, referencia, distancia, pid,0.272858385395,0.33,2.136288,100,
rapidez, referencia, distancia, pid,0.272858385395,0.33,2.136288,100,
rapidez, referencia, distancia, pid,0.272858385395,0.33,2.136288,100,
rapidez, referencia, distancia, pid,0.272858385395,0.33,2.136288,100,
rapidez, referencia, distancia, pid,0.272858385395,0.33,2.136288,100,
rapidez, referencia, distancia, pid,0.272858385395,0.33,2.136288,100,
rapidez, referencia, distancia, pid,0.272858385395,0.33,2.136288,100,
rapidez, referencia, distancia, pid,0.272858385395,0.33,2.136288,100,
rapidez, referencia, distancia, pid,0.272858385395,0.33,2.136288,100,
rapidez, referencia, distancia, pid,0.272858385395,0.33,2.136288,100,
rapidez, referencia, distancia, pid,0.272858385395,0.33,2.136288,100,
rapidez, referencia, distancia, pid,0.272858385395,0.33,2.136288,100,
rapidez, referencia, distancia, pid,0.272858385395,0.33,2.136288,100,
rapidez, referencia, distancia, pid,0.406739279471,0.33,2.261952,-10,
rapidez, referencia, distancia, pid,0.356739279471,0.33,2.261952,-10,
rapidez, referencia, distancia, pid,0.306739279471,0.33,2.261952,-36.3365173379,
rapidez, referencia, distancia, pid,0.306739279471,0.33,2.261952,100,
rapidez, referencia, distancia, pid,0.306739279471,0.33,2.261952,100,
rapidez, referencia, distancia, pid,0.306739279471,0.33,2.261952,100,
rapidez, referencia, distancia, pid,0.306739279471,0.33,2.261952,100,
rapidez, referencia, distancia, pid,0.306739279471,0.33,2.261952,100,
rapidez, referencia, distancia, pid,0.306739279471,0.33,2.261952,100,
rapidez, referencia, distancia, pid,0.306739279471,0.33,2.261952,100,
rapidez, referencia, distancia, pid,0.306739279471,0.33,2.261952,100,
rapidez, referencia, distancia, pid,0.306739279471,0.33,2.261952,100,
rapidez, referencia, distancia, pid,0.306739279471,0.33,2.261952,100,
rapidez, referencia, distancia, pid,0.306739279471,0.33,2.261952,100,
rapidez, referencia, distancia, pid,0.306739279471,0.33,2.261952,100,
rapidez, referencia, distancia, pid,0.306739279471,0.33,2.261952,100,
rapidez, referencia, distancia, pid,0.306739279471,0.33,2.261952,100,
rapidez, referencia, distancia, pid,0.306739279471,0.33,2.261952,100,
rapidez, referencia, distancia, pid,0.306739279471,0.33,2.261952,100,
rapidez, referencia, distancia, pid,0.306739279471,0.33,2.261952,100,
rapidez, referencia, distancia, pid,0.306739279471,0.33,2.261952,100,
rapidez, referencia, distancia, pid,0.306739279471,0.33,2.261952,100,
rapidez, referencia, distancia, pid,0.413593608621,0.33,2.387616,-10,
rapidez, referencia, distancia, pid,0.363593608621,0.33,2.387616,-10,
rapidez, referencia, distancia, pid,0.313593608621,0.33,2.387616,-39.9357346746,
rapidez, referencia, distancia, pid,0.313593608621,0.33,2.387616,98.3681607555,
rapidez, referencia, distancia, pid,0.313593608621,0.33,2.387616,99.6710561856,
rapidez, referencia, distancia, pid,0.313593608621,0.33,2.387616,100,
rapidez, referencia, distancia, pid,0.313593608621,0.33,2.387616,100,
rapidez, referencia, distancia, pid,0.313593608621,0.33,2.387616,100,
rapidez, referencia, distancia, pid,0.313593608621,0.33,2.387616,100,
rapidez, referencia, distancia, pid,0.313593608621,0.33,2.387616,100,
rapidez, referencia, distancia, pid,0.313593608621,0.33,2.387616,100,
rapidez, referencia, distancia, pid,0.313593608621,0.33,2.387616,100,
rapidez, referencia, distancia, pid,0.313593608621,0.33,2.387616,100,
rapidez, referencia, distancia, pid,0.313593608621,0.33,2.387616,100,
rapidez, referencia, distancia, pid,0.313593608621,0.33,2.387616,100,
rapidez, referencia, distancia, pid,0.313593608621,0.33,2.387616,100,
rapidez, referencia, distancia, pid,0.313593608621,0.33,2.387616,100,
rapidez, referencia, distancia, pid,0.552858339745,0.33,2.51328,-10,
rapidez, referencia, distancia, pid,0.502858339745,0.33,2.51328,-10,
rapidez, referencia, distancia, pid,0.452858339745,0.33,2.51328,-10,
rapidez, referencia, distancia, pid,0.402858339745,0.33,2.51328,-10,
rapidez, referencia, distancia, pid,0.352858339745,0.33,2.51328,-10,
rapidez, referencia, distancia, pid,0.302858339745,0.33,2.51328,-62.7323865731,
rapidez, referencia, distancia, pid,0.302858339745,0.33,2.51328,76.4240383643,
rapidez, referencia, distancia, pid,0.302858339745,0.33,2.51328,78.5794633017,
rapidez, referencia, distancia, pid,0.302858339745,0.33,2.51328,80.7348882391,
rapidez, referencia, distancia, pid,0.302858339745,0.33,2.51328,82.8903131765,
rapidez, referencia, distancia, pid,0.302858339745,0.33,2.51328,85.0457381139,
rapidez, referencia, distancia, pid,0.302858339745,0.33,2.51328,87.2011630513,
rapidez, referencia, distancia, pid,0.302858339745,0.33,2.51328,89.3565879887,
rapidez, referencia, distancia, pid,0.302858339745,0.33,2.51328,91.5120129261,
rapidez, referencia, distancia, pid,0.302858339745,0.33,2.51328,93.6674378635,
rapidez, referencia, distancia, pid,0.302858339745,0.33,2.51328,95.8228628009,
rapidez, referencia, distancia, pid,0.302858339745,0.33,2.51328,97.9782877383,
rapidez, referencia, distancia, pid,0.302858339745,0.33,2.51328,100,
rapidez, referencia, distancia, pid,0.302858339745,0.33,2.51328,100,
rapidez, referencia, distancia, pid,0.498983498255,0.33,2.638944,-10,
rapidez, referencia, distancia, pid,0.448983498255,0.33,2.638944,-10,
rapidez, referencia, distancia, pid,0.398983498255,0.33,2.638944,-10,
rapidez, referencia, distancia, pid,0.348983498255,0.33,2.638944,-10,
rapidez, referencia, distancia, pid,0.298983498255,0.33,2.638944,-71.3394339492,
rapidez, referencia, distancia, pid,0.298983498255,0.33,2.638944,68.1247072406,
rapidez, referencia, distancia, pid,0.298983498255,0.33,2.638944,70.5878484304,
rapidez, referencia, distancia, pid,0.298983498255,0.33,2.638944,73.0509896202,
rapidez, referencia, distancia, pid,0.298983498255,0.33,2.638944,75.5141308099,
rapidez, referencia, distancia, pid,0.298983498255,0.33,2.638944,77.9772719997,
rapidez, referencia, distancia, pid,0.298983498255,0.33,2.638944,80.4404131895,
rapidez, referencia, distancia, pid,0.298983498255,0.33,2.638944,82.9035543793,
rapidez, referencia, distancia, pid,0.298983498255,0.33,2.638944,85.3666955691,
rapidez, referencia, distancia, pid,0.298983498255,0.33,2.638944,87.8298367589,
rapidez, referencia, distancia, pid,0.298983498255,0.33,2.638944,90.2929779486,
rapidez, referencia, distancia, pid,0.298983498255,0.33,2.638944,92.7561191384,
rapidez, referencia, distancia, pid,0.298983498255,0.33,2.638944,95.2192603282,
rapidez, referencia, distancia, pid,0.298983498255,0.33,2.638944,97.682401518,
rapidez, referencia, distancia, pid,0.528512624927,0.33,2.764608,-10,
rapidez, referencia, distancia, pid,0.478512624927,0.33,2.764608,-10,
rapidez, referencia, distancia, pid,0.428512624927,0.33,2.764608,-10,
rapidez, referencia, distancia, pid,0.378512624927,0.33,2.764608,-10,
rapidez, referencia, distancia, pid,0.328512624927,0.33,2.764608,-10,
rapidez, referencia, distancia, pid,0.278512624927,0.33,2.764608,-42.0797073564,
rapidez, referencia, distancia, pid,0.278512624927,0.33,2.764608,99.0101056032,
rapidez, referencia, distancia, pid,0.278512624927,0.33,2.764608,100,
rapidez, referencia, distancia, pid,0.278512624927,0.33,2.764608,100,
rapidez, referencia, distancia, pid,0.278512624927,0.33,2.764608,100,
rapidez, referencia, distancia, pid,0.278512624927,0.33,2.764608,100,
rapidez, referencia, distancia, pid,0.278512624927,0.33,2.764608,100,
rapidez, referencia, distancia, pid,0.278512624927,0.33,2.764608,100,
rapidez, referencia, distancia, pid,0.278512624927,0.33,2.764608,100,
rapidez, referencia, distancia, pid,0.278512624927,0.33,2.764608,100,
rapidez, referencia, distancia, pid,0.278512624927,0.33,2.764608,100,
rapidez, referencia, distancia, pid,0.278512624927,0.33,2.764608,100,
rapidez, referencia, distancia, pid,0.278512624927,0.33,2.764608,100,
rapidez, referencia, distancia, pid,0.278512624927,0.33,2.764608,100,
rapidez, referencia, distancia, pid,0.485880209092,0.33,2.890272,-10,
rapidez, referencia, distancia, pid,0.435880209092,0.33,2.890272,-10,
rapidez, referencia, distancia, pid,0.385880209092,0.33,2.890272,-10,
rapidez, referencia, distancia, pid,0.335880209092,0.33,2.890272,-10,
rapidez, referencia, distancia, pid,0.285880209092,0.33,2.890272,-51.154265491,
rapidez, referencia, distancia, pid,0.285880209092,0.33,2.890272,89.3504589187,
rapidez, referencia, distancia, pid,0.285880209092,0.33,2.890272,92.8541833284,
rapidez, referencia, distancia, pid,0.285880209092,0.33,2.890272,96.3579077382,
rapidez, referencia, distancia, pid,0.285880209092,0.33,2.890272,99.8616321479,
rapidez, referencia, distancia, pid,0.285880209092,0.33,2.890272,100,
rapidez, referencia, distancia, pid,0.285880209092,0.33,2.890272,100,
rapidez, referencia, distancia, pid,0.285880209092,0.33,2.890272,100,
rapidez, referencia, distancia, pid,0.285880209092,0.33,2.890272,100,
rapidez, referencia, distancia, pid,0.285880209092,0.33,2.890272,100,
rapidez, referencia, distancia, pid,0.285880209092,0.33,2.890272,100,
rapidez, referencia, distancia, pid,0.285880209092,0.33,2.890272,100,
rapidez, referencia, distancia, pid,0.285880209092,0.33,2.890272,100,
rapidez, referencia, distancia, pid,0.552415979592,0.33,3.015936,-10,
rapidez, referencia, distancia, pid,0.502415979592,0.33,3.015936,-10,
rapidez, referencia, distancia, pid,0.452415979592,0.33,3.015936,-10,
rapidez, referencia, distancia, pid,0.402415979592,0.33,3.015936,-10,
rapidez, referencia, distancia, pid,0.352415979592,0.33,3.015936,-10,
rapidez, referencia, distancia, pid,0.302415979592,0.33,3.015936,-10,
rapidez, referencia, distancia, pid,0.302415979592,0.33,3.015936,14.532377933,
rapidez, referencia, distancia, pid,0.302415979592,0.33,3.015936,16.7229324128,
rapidez, referencia, distancia, pid,0.302415979592,0.33,3.015936,18.9134868927,
rapidez, referencia, distancia, pid,0.302415979592,0.33,3.015936,21.1040413726,
rapidez, referencia, distancia, pid,0.302415979592,0.33,3.015936,23.2945958525,
rapidez, referencia, distancia, pid,0.302415979592,0.33,3.015936,25.4851503323,
rapidez, referencia, distancia, pid,0.302415979592,0.33,3.015936,27.6757048122,
rapidez, referencia, distancia, pid,0.302415979592,0.33,3.015936,29.8662592921,
rapidez, referencia, distancia, pid,0.302415979592,0.33,3.015936,32.056813772,
rapidez, referencia, distancia, pid,0.302415979592,0.33,3.015936,34.2473682518,
rapidez, referencia, distancia, pid,0.302415979592,0.33,3.015936,36.4379227317,
rapidez, referencia, distancia, pid,0.302415979592,0.33,3.015936,38.6284772116,
rapidez, referencia, distancia, pid,0.302415979592,0.33,3.015936,40.8190316915,
rapidez, referencia, distancia, pid,0.302415979592,0.33,3.015936,43.0095861713,
rapidez, referencia, distancia, pid,0.457950705593,0.33,3.1416,-10,
rapidez, referencia, distancia, pid,0.407950705593,0.33,3.1416,-10,
rapidez, referencia, distancia, pid,0.357950705593,0.33,3.1416,-10,
rapidez, referencia, distancia, pid,0.307950705593,0.33,3.1416,-10,
rapidez, referencia, distancia, pid,0.257950705593,0.33,3.1416,-3.10751922363,
rapidez, referencia, distancia, pid,0.257950705593,0.33,3.1416,100,
rapidez, referencia, distancia, pid,0.257950705593,0.33,3.1416,100,
rapidez, referencia, distancia, pid,0.257950705593,0.33,3.1416,100,
rapidez, referencia, distancia, pid,0.257950705593,0.33,3.1416,100,
rapidez, referencia, distancia, pid,0.257950705593,0.33,3.1416,100,
rapidez, referencia, distancia, pid,0.257950705593,0.33,3.1416,100,
rapidez, referencia, distancia, pid,0.257950705593,0.33,3.1416,100,
rapidez, referencia, distancia, pid,0.257950705593,0.33,3.1416,100,
rapidez, referencia, distancia, pid,0.257950705593,0.33,3.1416,100,
rapidez, referencia, distancia, pid,0.257950705593,0.33,3.1416,100,
rapidez, referencia, distancia, pid,0.257950705593,0.33,3.1416,100,
rapidez, referencia, distancia, pid,0.257950705593,0.33,3.1416,100,
rapidez, referencia, distancia, pid,0.257950705593,0.33,3.1416,100,
rapidez, referencia, distancia, pid,0.257950705593,0.33,3.1416,100,
rapidez, referencia, distancia, pid,0.480187871602,0.33,3.267264,-10,
rapidez, referencia, distancia, pid,0.430187871602,0.33,3.267264,-10,
rapidez, referencia, distancia, pid,0.380187871602,0.33,3.267264,-10,
rapidez, referencia, distancia, pid,0.330187871602,0.33,3.267264,-10,
rapidez, referencia, distancia, pid,0.280187871602,0.33,3.267264,-23.7153333742,
rapidez, referencia, distancia, pid,0.280187871602,0.33,3.267264,100,
rapidez, referencia, distancia, pid,0.280187871602,0.33,3.267264,100,
rapidez, referencia, distancia, pid,0.280187871602,0.33,3.267264,100,
rapidez, referencia, distancia, pid,0.280187871602,0.33,3.267264,100,
rapidez, referencia, distancia, pid,0.280187871602,0.33,3.267264,100,
rapidez, referencia, distancia, pid,0.280187871602,0.33,3.267264,100,
rapidez, referencia, distancia, pid,0.280187871602,0.33,3.267264,100,
rapidez, referencia, distancia, pid,0.280187871602,0.33,3.267264,100,
rapidez, referencia, distancia, pid,0.280187871602,0.33,3.267264,100,
rapidez, referencia, distancia, pid,0.280187871602,0.33,3.267264,100,
rapidez, referencia, distancia, pid,0.280187871602,0.33,3.267264,100,
rapidez, referencia, distancia, pid,0.280187871602,0.33,3.267264,100,
rapidez, referencia, distancia, pid,0.280187871602,0.33,3.267264,100,
rapidez, referencia, distancia, pid,0.280187871602,0.33,3.267264,100,
rapidez, referencia, distancia, pid,0.280187871602,0.33,3.267264,100,
rapidez, referencia, distancia, pid,0.459903052373,0.33,3.392928,-10,
rapidez, referencia, distancia, pid,0.409903052373,0.33,3.392928,-10,
rapidez, referencia, distancia, pid,0.359903052373,0.33,3.392928,-10,
rapidez, referencia, distancia, pid,0.309903052373,0.33,3.392928,-79.1219361663,
rapidez, referencia, distancia, pid,0.309903052373,0.33,3.392928,59.4750407074,
rapidez, referencia, distancia, pid,0.309903052373,0.33,3.392928,61.0710175811,
rapidez, referencia, distancia, pid,0.309903052373,0.33,3.392928,62.6669944548,
rapidez, referencia, distancia, pid,0.309903052373,0.33,3.392928,64.2629713285,
rapidez, referencia, distancia, pid,0.309903052373,0.33,3.392928,65.8589482021,
rapidez, referencia, distancia, pid,0.309903052373,0.33,3.392928,67.4549250758,
rapidez, referencia, distancia, pid,0.309903052373,0.33,3.392928,69.0509019495,
rapidez, referencia, distancia, pid,0.309903052373,0.33,3.392928,70.6468788232,
rapidez, referencia, distancia, pid,0.309903052373,0.33,3.392928,72.2428556969,
rapidez, referencia, distancia, pid,0.309903052373,0.33,3.392928,73.8388325706,
rapidez, referencia, distancia, pid,0.309903052373,0.33,3.392928,75.4348094443,
rapidez, referencia, distancia, pid,0.309903052373,0.33,3.392928,77.0307863179,
rapidez, referencia, distancia, pid,0.309903052373,0.33,3.392928,78.6267631916,
rapidez, referencia, distancia, pid,0.552349888068,0.33,3.518592,-10,
rapidez, referencia, distancia, pid,0.502349888068,0.33,3.518592,-10,
rapidez, referencia, distancia, pid,0.452349888068,0.33,3.518592,-10,
rapidez, referencia, distancia, pid,0.402349888068,0.33,3.518592,-10,
rapidez, referencia, distancia, pid,0.352349888068,0.33,3.518592,-10,
rapidez, referencia, distancia, pid,0.302349888068,0.33,3.518592,-10,
rapidez, referencia, distancia, pid,0.302349888068,0.33,3.518592,31.3086169402,
rapidez, referencia, distancia, pid,0.302349888068,0.33,3.518592,33.5044200054,
rapidez, referencia, distancia, pid,0.302349888068,0.33,3.518592,35.7002230706,
rapidez, referencia, distancia, pid,0.302349888068,0.33,3.518592,37.8960261357,
rapidez, referencia, distancia, pid,0.302349888068,0.33,3.518592,40.0918292009,
rapidez, referencia, distancia, pid,0.302349888068,0.33,3.518592,42.2876322661,
rapidez, referencia, distancia, pid,0.302349888068,0.33,3.518592,44.4834353313,
rapidez, referencia, distancia, pid,0.302349888068,0.33,3.518592,46.6792383964,
rapidez, referencia, distancia, pid,0.302349888068,0.33,3.518592,48.8750414616,
rapidez, referencia, distancia, pid,0.302349888068,0.33,3.518592,51.0708445268,
rapidez, referencia, distancia, pid,0.302349888068,0.33,3.518592,53.2666475919,
rapidez, referencia, distancia, pid,0.302349888068,0.33,3.518592,55.4624506571,
rapidez, referencia, distancia, pid,0.302349888068,0.33,3.518592,57.6582537223,
rapidez, referencia, distancia, pid,0.302349888068,0.33,3.518592,59.8540567874,
rapidez, referencia, distancia, pid,0.302349888068,0.33,3.518592,62.0498598526,
rapidez, referencia, distancia, pid,0.458289680985,0.33,3.644256,-10,
rapidez, referencia, distancia, pid,0.408289680985,0.33,3.644256,-10,
rapidez, referencia, distancia, pid,0.358289680985,0.33,3.644256,-10,
rapidez, referencia, distancia, pid,0.308289680985,0.33,3.644256,-10,
rapidez, referencia, distancia, pid,0.308289680985,0.33,3.644256,14.688266228,
rapidez, referencia, distancia, pid,0.308289680985,0.33,3.644256,16.4123672065,
rapidez, referencia, distancia, pid,0.308289680985,0.33,3.644256,18.136468185,
rapidez, referencia, distancia, pid,0.308289680985,0.33,3.644256,19.8605691636,
rapidez, referencia, distancia, pid,0.308289680985,0.33,3.644256,21.5846701421,
rapidez, referencia, distancia, pid,0.308289680985,0.33,3.644256,23.3087711206,
rapidez, referencia, distancia, pid,0.308289680985,0.33,3.644256,25.0328720992,
rapidez, referencia, distancia, pid,0.308289680985,0.33,3.644256,26.7569730777,
rapidez, referencia, distancia, pid,0.308289680985,0.33,3.644256,28.4810740562,
rapidez, referencia, distancia, pid,0.308289680985,0.33,3.644256,30.2051750348,
rapidez, referencia, distancia, pid,0.308289680985,0.33,3.644256,31.9292760133,
rapidez, referencia, distancia, pid,0.308289680985,0.33,3.644256,33.6533769918,
rapidez, referencia, distancia, pid,0.308289680985,0.33,3.644256,35.3774779703,
rapidez, referencia, distancia, pid,0.308289680985,0.33,3.644256,37.1015789489,
rapidez, referencia, distancia, pid,0.308289680985,0.33,3.644256,38.8256799274,
rapidez, referencia, distancia, pid,0.308289680985,0.33,3.644256,40.5497809059,
rapidez, referencia, distancia, pid,0.308289680985,0.33,3.644256,42.2738818845,
rapidez, referencia, distancia, pid,0.473264697388,0.33,3.76992,-10,
rapidez, referencia, distancia, pid,0.423264697388,0.33,3.76992,-10,
rapidez, referencia, distancia, pid,0.373264697388,0.33,3.76992,-10,
rapidez, referencia, distancia, pid,0.323264697388,0.33,3.76992,-10,
rapidez, referencia, distancia, pid,0.273264697388,0.33,3.76992,-35.7905266427,
rapidez, referencia, distancia, pid,0.273264697388,0.33,3.76992,100,
rapidez, referencia, distancia, pid,0.273264697388,0.33,3.76992,100,
rapidez, referencia, distancia, pid,0.273264697388,0.33,3.76992,100,
rapidez, referencia, distancia, pid,0.273264697388,0.33,3.76992,100,
rapidez, referencia, distancia, pid,0.273264697388,0.33,3.76992,100,
rapidez, referencia, distancia, pid,0.273264697388,0.33,3.76992,100,
rapidez, referencia, distancia, pid,0.273264697388,0.33,3.76992,100,
rapidez, referencia, distancia, pid,0.273264697388,0.33,3.76992,100,
rapidez, referencia, distancia, pid,0.273264697388,0.33,3.76992,100,
rapidez, referencia, distancia, pid,0.273264697388,0.33,3.76992,100,
rapidez, referencia, distancia, pid,0.273264697388,0.33,3.76992,100,
rapidez, referencia, distancia, pid,0.273264697388,0.33,3.76992,100,
rapidez, referencia, distancia, pid,0.273264697388,0.33,3.76992,100,
rapidez, referencia, distancia, pid,0.273264697388,0.33,3.76992,100,
rapidez, referencia, distancia, pid,0.273264697388,0.33,3.76992,100,
rapidez, referencia, distancia, pid,0.273264697388,0.33,3.76992,100,
rapidez, referencia, distancia, pid,0.273264697388,0.33,3.76992,100,
rapidez, referencia, distancia, pid,0.273264697388,0.33,3.76992,100,
rapidez, referencia, distancia, pid,0.273264697388,0.33,3.76992,100,
rapidez, referencia, distancia, pid,0.273264697388,0.33,3.76992,100,
rapidez, referencia, distancia, pid,0.389805859585,0.33,3.895584,-10,
rapidez, referencia, distancia, pid,0.339805859585,0.33,3.895584,-10,
rapidez, referencia, distancia, pid,0.289805859585,0.33,3.895584,-5.25046406885,
rapidez, referencia, distancia, pid,0.289805859585,0.33,3.895584,100,
rapidez, referencia, distancia, pid,0.289805859585,0.33,3.895584,100,
rapidez, referencia, distancia, pid,0.289805859585,0.33,3.895584,100,
rapidez, referencia, distancia, pid,0.289805859585,0.33,3.895584,100,
rapidez, referencia, distancia, pid,0.289805859585,0.33,3.895584,100,
rapidez, referencia, distancia, pid,0.289805859585,0.33,3.895584,100,
rapidez, referencia, distancia, pid,0.289805859585,0.33,3.895584,100,
rapidez, referencia, distancia, pid,0.289805859585,0.33,3.895584,100,
rapidez, referencia, distancia, pid,0.289805859585,0.33,3.895584,100,
rapidez, referencia, distancia, pid,0.289805859585,0.33,3.895584,100,
rapidez, referencia, distancia, pid,0.289805859585,0.33,3.895584,100,
rapidez, referencia, distancia, pid,0.289805859585,0.33,3.895584,100,
rapidez, referencia, distancia, pid,0.289805859585,0.33,3.895584,100,
rapidez, referencia, distancia, pid,0.289805859585,0.33,3.895584,100,
rapidez, referencia, distancia, pid,0.289805859585,0.33,3.895584,100,
rapidez, referencia, distancia, pid,0.289805859585,0.33,3.895584,100,
rapidez, referencia, distancia, pid,0.289805859585,0.33,3.895584,100,
rapidez, referencia, distancia, pid,0.289805859585,0.33,3.895584,100,
rapidez, referencia, distancia, pid,0.47197954149,0.33,4.021248,-10,
rapidez, referencia, distancia, pid,0.42197954149,0.33,4.021248,-10,
rapidez, referencia, distancia, pid,0.37197954149,0.33,4.021248,-10,
rapidez, referencia, distancia, pid,0.32197954149,0.33,4.021248,-73.1106818148,
rapidez, referencia, distancia, pid,0.32197954149,0.33,4.021248,64.5272540292,
rapidez, referencia, distancia, pid,0.32197954149,0.33,4.021248,65.1641898731,
rapidez, referencia, distancia, pid,0.32197954149,0.33,4.021248,65.8011257171,
rapidez, referencia, distancia, pid,0.32197954149,0.33,4.021248,66.4380615611,
rapidez, referencia, distancia, pid,0.32197954149,0.33,4.021248,67.0749974051,
rapidez, referencia, distancia, pid,0.32197954149,0.33,4.021248,67.7119332491,
rapidez, referencia, distancia, pid,0.32197954149,0.33,4.021248,68.3488690931,
rapidez, referencia, distancia, pid,0.32197954149,0.33,4.021248,68.9858049371,
rapidez, referencia, distancia, pid,0.32197954149,0.33,4.021248,69.6227407811,
rapidez, referencia, distancia, pid,0.32197954149,0.33,4.021248,70.259676625,
rapidez, referencia, distancia, pid,0.32197954149,0.33,4.021248,70.896612469,
rapidez, referencia, distancia, pid,0.32197954149,0.33,4.021248,71.533548313,
rapidez, referencia, distancia, pid,0.32197954149,0.33,4.021248,72.170484157,
rapidez, referencia, distancia, pid,0.32197954149,0.33,4.021248,72.807420001,
rapidez, referencia, distancia, pid,0.32197954149,0.33,4.021248,73.444355845,
rapidez, referencia, distancia, pid,0.32197954149,0.33,4.021248,74.081291689,
rapidez, referencia, distancia, pid,0.32197954149,0.33,4.021248,74.718227533,
rapidez, referencia, distancia, pid,0.32197954149,0.33,4.021248,75.3551633769,
rapidez, referencia, distancia, pid,0.443717465862,0.33,4.146912,-10,
rapidez, referencia, distancia, pid,0.393717465862,0.33,4.146912,-10,
rapidez, referencia, distancia, pid,0.343717465862,0.33,4.146912,-10,
rapidez, referencia, distancia, pid,0.293717465862,0.33,4.146912,-12.388781972,
rapidez, referencia, distancia, pid,0.293717465862,0.33,4.146912,100,
rapidez, referencia, distancia, pid,0.293717465862,0.33,4.146912,100,
rapidez, referencia, distancia, pid,0.293717465862,0.33,4.146912,100,
rapidez, referencia, distancia, pid,0.293717465862,0.33,4.146912,100,
rapidez, referencia, distancia, pid,0.293717465862,0.33,4.146912,100,
rapidez, referencia, distancia, pid,0.293717465862,0.33,4.146912,100,
rapidez, referencia, distancia, pid,0.293717465862,0.33,4.146912,100,
rapidez, referencia, distancia, pid,0.293717465862,0.33,4.146912,100,
rapidez, referencia, distancia, pid,0.293717465862,0.33,4.146912,100,
rapidez, referencia, distancia, pid,0.293717465862,0.33,4.146912,100,
rapidez, referencia, distancia, pid,0.293717465862,0.33,4.146912,100,
rapidez, referencia, distancia, pid,0.293717465862,0.33,4.146912,100,
rapidez, referencia, distancia, pid,0.293717465862,0.33,4.146912,100,
rapidez, referencia, distancia, pid,0.293717465862,0.33,4.146912,100,
rapidez, referencia, distancia, pid,0.293717465862,0.33,4.146912,100,
rapidez, referencia, distancia, pid,0.293717465862,0.33,4.146912,100,
rapidez, referencia, distancia, pid,0.496928718036,0.33,4.272576,-10,
rapidez, referencia, distancia, pid,0.446928718036,0.33,4.272576,-10,
rapidez, referencia, distancia, pid,0.396928718036,0.33,4.272576,-10,
rapidez, referencia, distancia, pid,0.346928718036,0.33,4.272576,-10,
rapidez, referencia, distancia, pid,0.296928718036,0.33,4.272576,-21.51510413,
rapidez, referencia, distancia, pid,0.296928718036,0.33,4.272576,100,
rapidez, referencia, distancia, pid,0.296928718036,0.33,4.272576,100,
rapidez, referencia, distancia, pid,0.296928718036,0.33,4.272576,100,
rapidez, referencia, distancia, pid,0.296928718036,0.33,4.272576,100,
rapidez, referencia, distancia, pid,0.296928718036,0.33,4.272576,100,
rapidez, referencia, distancia, pid,0.296928718036,0.33,4.272576,100,
rapidez, referencia, distancia, pid,0.296928718036,0.33,4.272576,100,
rapidez, referencia, distancia, pid,0.296928718036,0.33,4.272576,100,
rapidez, referencia, distancia, pid,0.296928718036,0.33,4.272576,100,
rapidez, referencia, distancia, pid,0.296928718036,0.33,4.272576,100,
rapidez, referencia, distancia, pid,0.296928718036,0.33,4.272576,100,
rapidez, referencia, distancia, pid,0.296928718036,0.33,4.272576,100,
rapidez, referencia, distancia, pid,0.296928718036,0.33,4.272576,100,
rapidez, referencia, distancia, pid,0.296928718036,0.33,4.272576,100,
rapidez, referencia, distancia, pid,0.296928718036,0.33,4.272576,100,
rapidez, referencia, distancia, pid,0.496983206575,0.33,4.39824,-10,
rapidez, referencia, distancia, pid,0.446983206575,0.33,4.39824,-10,
rapidez, referencia, distancia, pid,0.396983206575,0.33,4.39824,-10,
rapidez, referencia, distancia, pid,0.346983206575,0.33,4.39824,-10,
rapidez, referencia, distancia, pid,0.296983206575,0.33,4.39824,-28.7200744697,
rapidez, referencia, distancia, pid,0.296983206575,0.33,4.39824,100,
rapidez, referencia, distancia, pid,0.296983206575,0.33,4.39824,100,
rapidez, referencia, distancia, pid,0.296983206575,0.33,4.39824,100,
rapidez, referencia, distancia, pid,0.296983206575,0.33,4.39824,100,
rapidez, referencia, distancia, pid,0.296983206575,0.33,4.39824,100,
rapidez, referencia, distancia, pid,0.296983206575,0.33,4.39824,100,
rapidez, referencia, distancia, pid,0.296983206575,0.33,4.39824,100,
rapidez, referencia, distancia, pid,0.296983206575,0.33,4.39824,100,
rapidez, referencia, distancia, pid,0.296983206575,0.33,4.39824,100,
rapidez, referencia, distancia, pid,0.296983206575,0.33,4.39824,100,
rapidez, referencia, distancia, pid,0.296983206575,0.33,4.39824,100,
rapidez, referencia, distancia, pid,0.296983206575,0.33,4.39824,100,
rapidez, referencia, distancia, pid,0.296983206575,0.33,4.39824,100,
rapidez, referencia, distancia, pid,0.54032121329,0.33,4.523904,-10,
rapidez, referencia, distancia, pid,0.49032121329,0.33,4.523904,-10,
rapidez, referencia, distancia, pid,0.44032121329,0.33,4.523904,-10,
rapidez, referencia, distancia, pid,0.39032121329,0.33,4.523904,-10,
rapidez, referencia, distancia, pid,0.34032121329,0.33,4.523904,-10,
rapidez, referencia, distancia, pid,0.29032121329,0.33,4.523904,-40.858488924,
rapidez, referencia, distancia, pid,0.29032121329,0.33,4.523904,99.293558048,
rapidez, referencia, distancia, pid,0.29032121329,0.33,4.523904,100,
rapidez, referencia, distancia, pid,0.29032121329,0.33,4.523904,100,
rapidez, referencia, distancia, pid,0.29032121329,0.33,4.523904,100,
rapidez, referencia, distancia, pid,0.29032121329,0.33,4.523904,100,
rapidez, referencia, distancia, pid,0.29032121329,0.33,4.523904,100,
rapidez, referencia, distancia, pid,0.29032121329,0.33,4.523904,100,
rapidez, referencia, distancia, pid,0.29032121329,0.33,4.523904,100,
rapidez, referencia, distancia, pid,0.29032121329,0.33,4.523904,100,
rapidez, referencia, distancia, pid,0.29032121329,0.33,4.523904,100,
rapidez, referencia, distancia, pid,0.29032121329,0.33,4.523904,100,
rapidez, referencia, distancia, pid,0.29032121329,0.33,4.523904,100,
rapidez, referencia, distancia, pid,0.29032121329,0.33,4.523904,100,
rapidez, referencia, distancia, pid,0.29032121329,0.33,4.523904,100,
rapidez, referencia, distancia, pid,0.488544555431,0.33,4.649568,-10,
rapidez, referencia, distancia, pid,0.438544555431,0.33,4.649568,-10,
rapidez, referencia, distancia, pid,0.388544555431,0.33,4.649568,-10,
rapidez, referencia, distancia, pid,0.338544555431,0.33,4.649568,-10,
rapidez, referencia, distancia, pid,0.288544555431,0.33,4.649568,-34.9754824847,
rapidez, referencia, distancia, pid,0.288544555431,0.33,4.649568,100,
rapidez, referencia, distancia, pid,0.288544555431,0.33,4.649568,100,
rapidez, referencia, distancia, pid,0.288544555431,0.33,4.649568,100,
rapidez, referencia, distancia, pid,0.288544555431,0.33,4.649568,100,
rapidez, referencia, distancia, pid,0.288544555431,0.33,4.649568,100,
rapidez, referencia, distancia, pid,0.288544555431,0.33,4.649568,100,
rapidez, referencia, distancia, pid,0.288544555431,0.33,4.649568,100,
rapidez, referencia, distancia, pid,0.288544555431,0.33,4.649568,100,
rapidez, referencia, distancia, pid,0.288544555431,0.33,4.649568,100,
rapidez, referencia, distancia, pid,0.288544555431,0.33,4.649568,100,
rapidez, referencia, distancia, pid,0.288544555431,0.33,4.649568,100,
rapidez, referencia, distancia, pid,0.288544555431,0.33,4.649568,100,
rapidez, referencia, distancia, pid,0.288544555431,0.33,4.649568,100,
rapidez, referencia, distancia, pid,0.567556102948,0.33,4.775232,-10,
rapidez, referencia, distancia, pid,0.517556102948,0.33,4.775232,-10,
rapidez, referencia, distancia, pid,0.467556102948,0.33,4.775232,-10,
rapidez, referencia, distancia, pid,0.417556102948,0.33,4.775232,-10,
rapidez, referencia, distancia, pid,0.367556102948,0.33,4.775232,-10,
rapidez, referencia, distancia, pid,0.317556102948,0.33,4.775232,-10,
rapidez, referencia, distancia, pid,0.267556102948,0.33,4.775232,-11.1359658199,
rapidez, referencia, distancia, pid,0.267556102948,0.33,4.775232,100,
rapidez, referencia, distancia, pid,0.267556102948,0.33,4.775232,100,
rapidez, referencia, distancia, pid,0.267556102948,0.33,4.775232,100,
rapidez, referencia, distancia, pid,0.267556102948,0.33,4.775232,100,
rapidez, referencia, distancia, pid,0.267556102948,0.33,4.775232,100,
rapidez, referencia, distancia, pid,0.267556102948,0.33,4.775232,100,
rapidez, referencia, distancia, pid,0.267556102948,0.33,4.775232,100,
rapidez, referencia, distancia, pid,0.267556102948,0.33,4.775232,100,
rapidez, referencia, distancia, pid,0.267556102948,0.33,4.775232,100,
rapidez, referencia, distancia, pid,0.267556102948,0.33,4.775232,100,
rapidez, referencia, distancia, pid,0.267556102948,0.33,4.775232,100,
rapidez, referencia, distancia, pid,0.267556102948,0.33,4.775232,100,
rapidez, referencia, distancia, pid,0.267556102948,0.33,4.775232,100,
rapidez, referencia, distancia, pid,0.503218105523,0.33,4.900896,-10,
rapidez, referencia, distancia, pid,0.453218105523,0.33,4.900896,-10,
rapidez, referencia, distancia, pid,0.403218105523,0.33,4.900896,-10,
rapidez, referencia, distancia, pid,0.353218105523,0.33,4.900896,-10,
rapidez, referencia, distancia, pid,0.303218105523,0.33,4.900896,-93.3108446417,
rapidez, referencia, distancia, pid,0.303218105523,0.33,4.900896,45.8170098943,
rapidez, referencia, distancia, pid,0.303218105523,0.33,4.900896,47.9438644302,
rapidez, referencia, distancia, pid,0.303218105523,0.33,4.900896,50.0707189662,
rapidez, referencia, distancia, pid,0.303218105523,0.33,4.900896,52.1975735022,
rapidez, referencia, distancia, pid,0.303218105523,0.33,4.900896,54.3244280381,
rapidez, referencia, distancia, pid,0.303218105523,0.33,4.900896,56.4512825741,
rapidez, referencia, distancia, pid,0.303218105523,0.33,4.900896,58.5781371101,
rapidez, referencia, distancia, pid,0.303218105523,0.33,4.900896,60.7049916461,
rapidez, referencia, distancia, pid,0.303218105523,0.33,4.900896,62.831846182,
rapidez, referencia, distancia, pid,0.303218105523,0.33,4.900896,64.958700718,
rapidez, referencia, distancia, pid,0.303218105523,0.33,4.900896,67.085555254,
rapidez, referencia, distancia, pid,0.303218105523,0.33,4.900896,69.21240979,
freno: 0.64939981082 | decremento: 1
freno: 0.64939981082 | decremento: 1
freno: 0.64939981082 | decremento: 1
freno: 0.64939981082 | decremento: 1
freno: 0.64939981082 | decremento: 1
freno: 0.64939981082 | decremento: 1
freno: 0.64939981082 | decremento: 1
freno: 0.64939981082 | decremento: 1
freno: 0.64939981082 | decremento: 1
freno: 0.64939981082 | decremento: 1
freno: 0.64939981082 | decremento: 1
freno: 0.64939981082 | decremento: 1
freno: 0.64939981082 | decremento: 1
freno: 0.64939981082 | decremento: 1
freno: 0.64939981082 | decremento: 1
freno: 0.64939981082 | decremento: 1
freno: 0.64939981082 | decremento: 1
freno: 0.64939981082 | decremento: 1
freno: 0.64939981082 | decremento: 1
freno: 0.64939981082 | decremento: 1
freno: 0.64939981082 | decremento: 1
freno: 0.64939981082 | decremento: 1
freno: 0.64939981082 | decremento: 1
freno: 0.64939981082 | decremento: 1
freno: 0.64939981082 | decremento: 1
freno: 0.64939981082 | decremento: 1
freno: 0.64939981082 | decremento: 1
freno: 0.64939981082 | decremento: 1
freno: 0.395688581316 | decremento: 1
freno: 0.395688581316 | decremento: 1
freno: 0.395688581316 | decremento: 1
freno: 0.395688581316 | decremento: 1
freno: 0.395688581316 | decremento: 1
freno: 0.395688581316 | decremento: 1
freno: 0.395688581316 | decremento: 1
freno: 0.395688581316 | decremento: 1
freno: 0.395688581316 | decremento: 1
freno: 0.395688581316 | decremento: 1
freno: 0.395688581316 | decremento: 1
freno: 0.395688581316 | decremento: 1
freno: 0.395688581316 | decremento: 1
freno: 0.395688581316 | decremento: 1
freno: 0.395688581316 | decremento: 1
freno: 0.395688581316 | decremento: 1
freno: 0.395688581316 | decremento: 1
freno: 0.395688581316 | decremento: 1
freno: 0.395688581316 | decremento: 1
freno: 0.395688581316 | decremento: 1
freno: 0.395688581316 | decremento: 1
freno: 0.395688581316 | decremento: 1
freno: 0.395688581316 | decremento: 1
freno: 0.395688581316 | decremento: 1
freno: 0.395688581316 | decremento: 1
freno: 0.395688581316 | decremento: 1
freno: 0.395688581316 | decremento: 1
freno: 0.395688581316 | decremento: 1
freno: 0.395688581316 | decremento: 1
freno: 0.395688581316 | decremento: 1
freno: 0.395688581316 | decremento: 1
freno: 0.395688581316 | decremento: 1
freno: 0.395688581316 | decremento: 1
freno: 0.395688581316 | decremento: 1
freno: 0.395688581316 | decremento: 1
freno: 0.395688581316 | decremento: 1
freno: 0.395688581316 | decremento: 1
freno: 0.395688581316 | decremento: 1
freno: 0.395688581316 | decremento: 1
freno: 0.395688581316 | decremento: 1
freno: 0.395688581316 | decremento: 1
freno: 0.395688581316 | decremento: 1
freno: 0.395688581316 | decremento: 1
freno: 0.395688581316 | decremento: 1
freno: 0.395688581316 | decremento: 1
freno: 0.395688581316 | decremento: 1
freno: 0.395688581316 | decremento: 1
freno: 0.395688581316 | decremento: 1
freno: 0.395688581316 | decremento: 1
freno: 0.395688581316 | decremento: 1
freno: 0.395688581316 | decremento: 1
freno: 0.395688581316 | decremento: 1
freno: 0.395688581316 | decremento: 1
freno: 0.395688581316 | decremento: 1
freno: 0.395688581316 | decremento: 1
freno: 0.395688581316 | decremento: 1
freno: 0.395688581316 | decremento: 1
freno: 0.395688581316 | decremento: 1
freno: 0.395688581316 | decremento: 1
freno: 0.395688581316 | decremento: 1
freno: 0.395688581316 | decremento: 1
freno: 0.395688581316 | decremento: 1
freno: 0.395688581316 | decremento: 1
freno: 0.395688581316 | decremento: 1
freno: 0.395688581316 | decremento: 1
freno: 0.395688581316 | decremento: 1
freno: 0.395688581316 | decremento: 1
freno: 0.395688581316 | decremento: 1
freno: 0.395688581316 | decremento: 1
freno: 0.395688581316 | decremento: 1
freno: 0.395688581316 | decremento: 1
freno: 0.395688581316 | decremento: 1
freno: 0.395688581316 | decremento: 1
freno: 0.395688581316 | decremento: 1
freno: 0.395688581316 | decremento: 1
freno: 0.395688581316 | decremento: 1
freno: 0.395688581316 | decremento: 1
freno: 0.395688581316 | decremento: 1
freno: 0.395688581316 | decremento: 1
freno: 0.395688581316 | decremento: 1
freno: 0.395688581316 | decremento: 1
freno: 0.395688581316 | decremento: 1
freno: 0.395688581316 | decremento: 1
freno: 0.395688581316 | decremento: 1
freno: 0.395688581316 | decremento: 1
freno: 0.395688581316 | decremento: 1
freno: 0.395688581316 | decremento: 1
freno: 0.395688581316 | decremento: 1
freno: 0.395688581316 | decremento: 1
freno: 0.395688581316 | decremento: 1
freno: 0.395688581316 | decremento: 1
freno: 0.395688581316 | decremento: 1
freno: 0.395688581316 | decremento: 1
freno: 0.395688581316 | decremento: 1
freno: 0.395688581316 | decremento: 1
freno: 0.395688581316 | decremento: 1
freno: 0.395688581316 | decremento: 1
freno: 0.395688581316 | decremento: 1
freno: 0.395688581316 | decremento: 1
freno: 0.395688581316 | decremento: 1
freno: 0.395688581316 | decremento: 1
freno: 0.395688581316 | decremento: 1
freno: 0.395688581316 | decremento: 1
freno: 0.395688581316 | decremento: 1
freno: 0.395688581316 | decremento: 1
freno: 0.395688581316 | decremento: 1
freno: 0.395688581316 | decremento: 1
freno: 0.395688581316 | decremento: 1
freno: 0.395688581316 | decremento: 1
freno: 0.395688581316 | decremento: 1
freno: 0.395688581316 | decremento: 1
freno: 0.395688581316 | decremento: 1
freno: 0.395688581316 | decremento: 1
freno: 0.395688581316 | decremento: 1
freno: 0.395688581316 | decremento: 1
freno: 0.395688581316 | decremento: 1
freno: 0.395688581316 | decremento: 1
freno: 0.395688581316 | decremento: 1
freno: 0.395688581316 | decremento: 1
freno: 0.395688581316 | decremento: 1
freno: 0.395688581316 | decremento: 1
freno: 0.395688581316 | decremento: 1
freno: 0.395688581316 | decremento: 1
freno: 0.395688581316 | decremento: 1
freno: 0.395688581316 | decremento: 1
freno: 0.395688581316 | decremento: 1
freno: 0.395688581316 | decremento: 1
freno: 0.395688581316 | decremento: 1
freno: 0.395688581316 | decremento: 1
freno: 0.395688581316 | decremento: 1
freno: 0.395688581316 | decremento: 1
freno: 0.395688581316 | decremento: 1
freno: 0.395688581316 | decremento: 1
freno: 0.395688581316 | decremento: 1
freno: 0.395688581316 | decremento: 1
freno: 0.395688581316 | decremento: 1
freno: 0.395688581316 | decremento: 1
freno: 0.395688581316 | decremento: 1
freno: 0.395688581316 | decremento: 1
freno: 0.395688581316 | decremento: 1
freno: 0.395688581316 | decremento: 1
freno: 0.395688581316 | decremento: 1
freno: 0.395688581316 | decremento: 1
freno: 0.395688581316 | decremento: 1
freno: 0.395688581316 | decremento: 1
freno: 0.395688581316 | decremento: 1
freno: 0.395688581316 | decremento: 1
freno: 0.395688581316 | decremento: 1
freno: 0.395688581316 | decremento: 1
freno: 0.395688581316 | decremento: 1
freno: 0.395688581316 | decremento: 1
freno: 0.395688581316 | decremento: 1
freno: 0.395688581316 | decremento: 1
freno: 0.395688581316 | decremento: 1
freno: 0.395688581316 | decremento: 1
freno: 0.395688581316 | decremento: 1
